<?xml version="1.0" encoding="UTF-8"?>
<project-private xmlns="http://www.netbeans.org/ns/project-private/1">
    <editor-bookmarks xmlns="http://www.netbeans.org/ns/editor-bookmarks/2" lastBookmarkId="0"/>
    <open-files xmlns="http://www.netbeans.org/ns/projectui-open-files/2">
        <group>
            <file>file:/C:/Users/SANJAY/Documents/NetBeansProjects/Project/src/project/HOMEADMIN.java</file>
            <file>file:/C:/Users/SANJAY/Documents/NetBeansProjects/Project/src/stud_package/ATTENDENCE.java</file>
            <file>file:/C:/Users/SANJAY/Documents/NetBeansProjects/Project/src/project/MARKSHEETADMIN.java</file>
            <file>file:/C:/Users/SANJAY/Documents/NetBeansProjects/Project/src/project/Course.java</file>
            <file>file:/C:/Users/SANJAY/Documents/NetBeansProjects/Project/src/project/OPTION.java</file>
            <file>file:/C:/Users/SANJAY/Documents/NetBeansProjects/Project/src/stud_package/LOGIN.java</file>
            <file>file:/C:/Users/SANJAY/Documents/NetBeansProjects/Project/src/project/Student.java</file>
            <file>file:/C:/Users/SANJAY/Documents/NetBeansProjects/Project/src/project/LOGINADMIN.java</file>
            <file>file:/C:/Users/SANJAY/Documents/NetBeansProjects/Project/src/stud_package/DETAILS.java</file>
            <file>file:/C:/Users/SANJAY/Documents/NetBeansProjects/Project/src/project/Score.java</file>
            <file>file:/C:/Users/SANJAY/Documents/NetBeansProjects/Project/src/stud_package/MARKSNEW.java</file>
        </group>
    </open-files>
</project-private>
